ABCpred F1_score,0.5536251005271948
amino,TP,tp_correct,tp_total,TN,tn_correct,tn_total,F1_score
A,0.626984126984127,316,504,0.40109034267912774,4120,10272,0.5633549376030924
F,0.5442477876106194,123,226,0.4763237695358059,2042,4287,0.5263711653364331
C,0.6013986013986014,86,143,0.34017363851617993,862,2534,0.5319228394082369
D,0.6572890025575447,257,391,0.3974555487431024,2593,6524,0.5817145519711521
N,0.6312684365781711,214,339,0.38051498268333084,2527,6641,0.5609396582160396
E,0.6027944111776448,302,501,0.3957892114114862,3177,8027,0.5462555423444524
Q,0.6491228070175439,185,285,0.3858492247371235,2165,5611,0.5736140889900754
G,0.6239460370994941,370,593,0.39246031746031745,3956,10080,0.5592202823510641
H,0.5827814569536424,88,151,0.3958710612097066,1093,2761,0.5329724144965653
L,0.5696465696465697,274,481,0.45818275684047494,5325,11622,0.5395750248634575
I,0.569364161849711,197,346,0.416868845440274,2921,7007,0.5290270854567651
K,0.5974304068522484,279,467,0.39647464554860135,3104,7829,0.5428827033746326
M,0.5304347826086957,61,115,0.4537843268586738,1355,2986,0.5108561059373077
P,0.6631578947368421,315,475,0.34645888409628495,2490,7187,0.5725024197713814
R,0.6453900709219859,273,423,0.4188059263605692,2855,6817,0.5797131651174244
S,0.6613272311212814,289,437,0.3858021240916713,3451,8945,0.581252414291798
T,0.5908045977011495,257,435,0.3507214206437292,3160,9010,0.5274845182108211
V,0.6018735362997658,257,427,0.41215681843859453,3648,8851,0.5497273061765288
W,0.552,69,125,0.3741961414790997,931,2488,0.5069327045594474
Y,0.5679012345679012,138,243,0.4338306063522618,1803,4156,0.5322234672642868
AA,0.5714285714285714,20,35,0.34012219959266804,334,982,0.5121919415829964
AF,0.5,12,24,0.3595505617977528,96,267,0.4671916010498688
AC,0.3333333333333333,2,6,0.28488372093023256,49,172,0.3254493850520341
AD,0.782608695652174,18,23,0.3114406779661017,147,472,0.6333917322100868
AN,0.6071428571428571,17,28,0.34234234234234234,152,444,0.536155703935218
AE,0.5526315789473685,21,38,0.3701754385964912,211,570,0.5064308681672026
AQ,0.35,7,20,0.3153846153846154,123,390,0.3440453686200378
AG,0.6176470588235294,21,34,0.3231850117096019,276,854,0.538380715079103
AH,0.25,1,4,0.23161764705882354,63,272,0.24772313296903462
AL,0.4642857142857143,13,28,0.38181818181818183,336,880,0.4458995946367321
AI,0.6923076923076923,9,13,0.40476190476190477,221,546,0.6052842273819055
AK,0.5806451612903226,18,31,0.3555956678700361,197,554,0.5219166252322508
AM,0.8461538461538461,11,13,0.3287671232876712,72,219,0.672247802427794
AP,0.5,14,28,0.2844175491679274,188,661,0.45134858313417553
AR,0.72,18,25,0.3115468409586057,143,459,0.597894127437855
AS,0.5428571428571428,19,35,0.36923076923076925,264,715,0.4994944388270981
AT,0.6,18,30,0.27076923076923076,176,650,0.5151915455746366
AV,0.5,16,32,0.38197424892703863,267,699,0.47213779128672745
AW,0.5,4,8,0.2827586206896552,41,145,0.45101088646967336
AY,0.6,9,15,0.38235294117647056,104,272,0.5411140583554377
FA,0.5,7,14,0.3786764705882353,103,272,0.4714038128249567
FF,0.25,2,8,0.5314285714285715,93,175,0.29093931837073983
FC,0.3333333333333333,3,9,0.40425531914893614,38,94,0.3455882352941177
FD,0.5625,9,16,0.39035087719298245,89,228,0.5179202423018678
FN,0.4166666666666667,5,12,0.40484429065743943,117,289,0.41421814533467105
FE,0.5,4,8,0.40487804878048783,83,205,0.47729918509895225
FQ,0.75,3,4,0.5028571428571429,88,175,0.6675143038779401
FG,0.4,6,15,0.4318181818181818,152,352,0.4064665127020785
FH,0.6,3,5,0.26582278481012656,21,79,0.5140997830802603
FL,0.5454545454545454,12,22,0.48623853211009177,212,436,0.5297691373025516
FI,0.4,2,5,0.39603960396039606,80,202,0.39920948616600793
FK,0.5714285714285714,8,14,0.3562231759656652,83,233,0.5159147522834209
FM,1.0,1,1,0.3484848484848485,23,66,0.7542857142857143
FP,0.46153846153846156,6,13,0.31901840490797545,52,163,0.43083700440528633
FR,0.42857142857142855,6,14,0.40096618357487923,83,207,0.4227365554799183
FS,0.7777777777777778,7,9,0.3546325878594249,111,313,0.6419572223849984
FT,0.6,9,15,0.348993288590604,104,298,0.5330948121645795
FV,0.5625,9,16,0.4204081632653061,103,245,0.52518756698821
FW,1.0,1,1,0.3898305084745763,23,59,0.7662337662337663
FY,0.45454545454545453,5,11,0.40606060606060607,67,165,0.44378698224852065
CA,0.2857142857142857,2,7,0.3424657534246575,50,146,0.2940584088620342
CF,0.5,1,2,0.47297297297297297,35,74,0.4933333333333333
CC,0.75,3,4,0.18840579710144928,13,69,0.5855728429985855
CD,1.0,1,1,0.25892857142857145,29,112,0.7296416938110749
CN,0.875,7,8,0.26857142857142857,47,175,0.671416826527816
CE,0.6666666666666666,2,3,0.26436781609195403,23,87,0.5550239234449761
CQ,1.0,3,3,0.26436781609195403,23,87,0.73109243697479
CG,0.6363636363636364,7,11,0.21978021978021978,40,182,0.5266639107069037
CH,0.5,3,6,0.3484848484848485,23,66,0.4647887323943662
CL,0.7777777777777778,7,9,0.3901098901098901,71,182,0.6514957811301457
CI,0.7777777777777778,7,9,0.40707964601769914,46,113,0.656159270012443
CK,0.42857142857142855,3,7,0.27350427350427353,32,117,0.39773371104815863
CM,0,0,0,0.21621621621621623,8,37,0
CP,0.6666666666666666,4,6,0.22435897435897437,35,156,0.5459317585301837
CR,1.0,2,2,0.2462686567164179,33,134,0.7262872628726287
CS,0.26666666666666666,4,15,0.2894736842105263,66,228,0.2697426796805679
CT,0.5882352941176471,10,17,0.20512820512820512,48,234,0.49367088607594944
CV,0.46153846153846156,6,13,0.24757281553398058,51,206,0.41693371563501436
CW,0.6666666666666666,2,3,0.34545454545454546,19,55,0.5744125326370757
CY,0.5,2,4,0.36666666666666664,22,60,0.46875
DA,0.7083333333333334,17,24,0.3392461197339246,153,451,0.5979799555434231
DF,0.5,6,12,0.3677685950413223,89,242,0.4689922480620155
DC,0.3,3,10,0.2631578947368421,30,114,0.29457364341085274
DD,0.6470588235294118,11,17,0.2787878787878788,92,330,0.5464398615083547
DN,0.8235294117647058,14,17,0.2779291553133515,102,367,0.6470217856693111
DE,0.56,14,25,0.31402439024390244,103,328,0.49866970733561383
DQ,0.8888888888888888,8,9,0.34615384615384615,90,260,0.6991596638655462
DG,0.5161290322580645,16,31,0.3368200836820084,161,478,0.4736630229461493
DH,0.6666666666666666,6,9,0.37719298245614036,43,114,0.5823754789272031
DL,0.59375,19,32,0.38317757009345793,246,642,0.5371911745276787
DI,0.6111111111111112,11,18,0.38219895287958117,146,382,0.5483492104919745
DK,0.5,11,22,0.325,117,360,0.4597701149425288
DM,0.2222222222222222,2,9,0.27972027972027974,40,143,0.22879999999999998
DP,0.5517241379310345,16,29,0.32664756446991405,114,349,0.4959147424511546
DR,0.7,14,20,0.3391304347826087,117,345,0.5930018416206261
DS,0.5862068965517241,17,29,0.24096385542168675,100,415,0.499911426040744
DT,0.5555555555555556,10,18,0.3732394366197183,159,426,0.5091430620294013
DV,0.5789473684210527,11,19,0.35096153846153844,146,416,0.5197047132311187
DW,0.8,4,5,0.2037037037037037,22,108,0.6162624821683309
DY,0.25,4,16,0.38666666666666666,87,225,0.26833631484794274
NA,0.5454545454545454,18,33,0.3246753246753247,150,462,0.49122807017543857
NF,0.8571428571428571,12,14,0.3263157894736842,62,190,0.6773618538324421
NC,0.38461538461538464,5,13,0.21649484536082475,42,194,0.3547915142648134
ND,0.4666666666666667,7,15,0.31333333333333335,94,300,0.43343653250774
NN,0.36,9,25,0.3462414578587699,152,439,0.3575403827881091
NE,0.5789473684210527,11,19,0.30498533724340177,104,341,0.5091970406570284
NQ,0.7333333333333333,11,15,0.3285198555956679,91,277,0.6098879103282626
NG,0.5882352941176471,10,17,0.28699551569506726,128,446,0.5112333791838606
NH,0.6666666666666666,4,6,0.37209302325581395,48,129,0.581081081081081
NL,0.5454545454545454,6,11,0.38146551724137934,177,464,0.5041195110909914
NI,0.5454545454545454,6,11,0.2915601023017903,114,391,0.4840107282855374
NK,0.48,12,25,0.31094527363184077,125,402,0.4425891095921831
NM,0.7142857142857143,5,7,0.3020833333333333,58,192,0.5922270203578038
NP,0.7692307692307693,20,26,0.2558139534883721,110,430,0.6120996441281139
NR,0.6666666666666666,6,9,0.3489208633093525,97,278,0.5752715985514745
NS,0.36363636363636365,8,22,0.3227990970654628,143,443,0.35635997988939166
NT,0.45454545454545453,10,22,0.3017241379310345,140,464,0.4222788496541682
NV,0.5882352941176471,10,17,0.3694581280788177,150,406,0.5302337730181533
NW,0.7272727272727273,8,11,0.18064516129032257,28,155,0.5711653615845232
NY,0.46153846153846156,6,13,0.3380952380952381,71,210,0.4347076073831292
EA,0.4375,14,32,0.34365325077399383,222,646,0.4178911376028094
EF,0.5833333333333334,7,12,0.4326923076923077,90,208,0.5424739195231
EC,0.2857142857142857,2,7,0.375,33,88,0.29906542056074764
ED,0.6333333333333333,19,30,0.3876146788990826,169,436,0.5640362225097025
EN,0.5789473684210527,11,19,0.37067209775967414,182,491,0.5243434784719189
EE,0.5333333333333333,32,60,0.362002567394095,282,779,0.49125019706763356
EQ,0.4230769230769231,11,26,0.3644578313253012,121,332,0.41102982554867756
EG,0.5135135135135135,19,37,0.31086142322097376,166,534,0.46626838235294116
EH,0.45454545454545453,5,11,0.3253012048192771,54,166,0.42695473251028804
EL,0.53125,17,32,0.35015290519877673,229,654,0.4871401656223985
EI,0.5714285714285714,16,28,0.3112128146453089,136,437,0.505640728955742
EK,0.6206896551724138,18,29,0.35058430717863104,210,599,0.5468377542222448
EM,0.0,0,6,0.34705882352941175,59,170,0
EP,0.38095238095238093,8,21,0.2594752186588921,89,343,0.35913879981676583
ER,0.6176470588235294,21,34,0.35507246376811596,147,414,0.5459683496608894
ES,0.6086956521739131,14,23,0.3292079207920792,133,404,0.534063547519003
ET,0.3888888888888889,7,18,0.271461716937355,117,431,0.3673220916783345
EV,0.5,14,28,0.3469785575048733,178,513,0.4644635581711182
EW,0.6,3,5,0.3904761904761905,41,105,0.543103448275862
EY,0.5454545454545454,12,22,0.3673469387755102,90,245,0.5008517887563882
QA,0.7142857142857143,15,21,0.2937365010799136,136,463,0.5901848311026131
QF,0.6,6,10,0.4492753623188406,62,138,0.5579514824797843
QC,0,0,0,0.26582278481012656,21,79,0
QD,0.7142857142857143,5,7,0.25102880658436216,61,243,0.5799522673031026
QN,0.5882352941176471,10,17,0.34065934065934067,93,273,0.5234397469082542
QE,0.5555555555555556,15,27,0.34864864864864864,129,370,0.5034698598448769
QQ,0.625,10,16,0.2897196261682243,93,321,0.5352676338169085
QG,0.4,10,25,0.3408521303258145,136,399,0.388510223953262
QH,0.3333333333333333,3,9,0.4295774647887324,61,142,0.3501849568434032
QL,0.5238095238095238,11,21,0.396484375,203,512,0.49245835701482105
QI,0.5,7,14,0.3630952380952381,122,336,0.467966573816156
QK,0.4,4,10,0.30824372759856633,86,279,0.38245373543522965
QM,0.7777777777777778,7,9,0.3116883116883117,48,154,0.630778232884728
QP,0.6521739130434783,15,23,0.26148409893992935,74,283,0.545594756121072
QR,0.5,8,16,0.3617021276595745,119,329,0.4676616915422886
QS,0.6666666666666666,6,9,0.3256578947368421,99,304,0.5695550351288057
QT,0.7142857142857143,5,7,0.267515923566879,84,314,0.5838601710673113
QV,0.8235294117647058,14,17,0.35435435435435436,118,333,0.6670482186292745
QW,0.0,0,2,0.35454545454545455,39,110,0
QY,0.5,6,12,0.35436893203883496,73,206,0.4660633484162896
GA,0.6862745098039216,35,51,0.3277310924369748,273,833,0.5819477434679334
GF,0.5652173913043478,13,23,0.3881401617250674,144,371,0.5192442267319805
GC,0.6666666666666666,10,15,0.3612565445026178,69,191,0.5783497350492051
GD,0.5833333333333334,21,36,0.336,168,500,0.5191337881934146
GN,0.56,14,25,0.28270042194092826,134,474,0.4918105684428963
GE,0.7083333333333334,17,24,0.30978260869565216,171,552,0.5906344410876132
GQ,0.75,15,20,0.30578512396694213,111,363,0.613693998309383
GG,0.46,23,50,0.394919168591224,342,866,0.4455031425440068
GH,0.4444444444444444,4,9,0.3313253012048193,55,166,0.42065251821349375
GL,0.3076923076923077,8,26,0.39331619537275064,306,778,0.32145439520710667
GI,0.6470588235294118,22,34,0.37137989778534924,218,587,0.568673213263464
GK,0.675,27,40,0.27896341463414637,183,656,0.5634304618908258
GM,0.5,3,6,0.3488372093023256,75,215,0.4648648648648649
GP,0.6153846153846154,32,52,0.33669354838709675,167,496,0.5401211461240046
GR,0.6486486486486487,24,37,0.33264033264033266,160,481,0.5601436265709157
GS,0.6176470588235294,21,34,0.2802816901408451,199,710,0.5284985112717993
GT,0.5,14,28,0.2820919175911252,178,631,0.45087531261164704
GV,0.7419354838709677,23,31,0.33670520231213874,233,692,0.6169350931255694
GW,0.7272727272727273,8,11,0.21808510638297873,41,188,0.5796878011177491
GY,0.6923076923076923,9,13,0.4228187919463087,126,298,0.6101000909918107
HA,0.4,2,5,0.34375,66,192,0.3890577507598785
HF,0.6666666666666666,2,3,0.4387755102040816,43,98,0.598473282442748
HC,1.0,2,2,0.2,13,65,0.7142857142857143
HD,0.4,2,5,0.3434343434343434,34,99,0.38899803536345773
HN,0.5,3,6,0.38345864661654133,51,133,0.4724689165186501
HE,0.375,3,8,0.2835820895522388,38,134,0.3586083853702051
HQ,0.7142857142857143,5,7,0.3082191780821918,45,146,0.593737291581944
HG,0.6428571428571429,9,14,0.24313725490196078,62,255,0.535776818022645
HH,0.6666666666666666,2,3,0.4117647058823529,35,85,0.591304347826087
HL,0.45454545454545453,5,11,0.35269709543568467,85,241,0.43251974156496775
HI,0.7777777777777778,7,9,0.3333333333333333,43,129,0.6363636363636364
HK,0.4444444444444444,4,9,0.4236111111111111,61,144,0.4398625429553264
HM,0.0,0,2,0.3148148148148148,17,54,0
HP,0.5,5,10,0.3939393939393939,52,132,0.4748201438848921
HR,0.625,5,8,0.3825503355704698,57,149,0.5574261129816686
HS,0.9230769230769231,12,13,0.26881720430107525,50,186,0.6955437831100031
HT,0.6,6,10,0.26857142857142857,47,175,0.5147058823529411
HV,0.5833333333333334,7,12,0.38271604938271603,62,162,0.5301542776998597
HW,0.3333333333333333,1,3,0.38596491228070173,22,57,0.34234234234234234
HY,0.14285714285714285,1,7,0.3826086956521739,44,115,0.16231474947071275
LA,0.6956521739130435,16,23,0.3895809739524349,344,883,0.6033223726352649
LF,0.3125,5,16,0.509090909090909,196,385,0.3465658475110271
LC,0.3333333333333333,2,6,0.3915094339622642,83,212,0.34331983805668015
LD,0.45714285714285713,16,35,0.33212996389891697,184,554,0.4302494903407436
LN,0.6470588235294118,11,17,0.3413654618473896,170,498,0.5612704918032788
LE,0.4,14,35,0.3904109589041096,285,730,0.398091342876619
LQ,0.4444444444444444,8,18,0.3487903225806452,173,496,0.4241582041688936
LG,0.5526315789473685,21,38,0.35138387484957884,292,831,0.5021075800952368
LH,0.2857142857142857,2,7,0.4195121951219512,86,205,0.3061986557132188
LL,0.5,19,38,0.48201438848920863,603,1251,0.49554367201426025
LI,0.45,9,20,0.39045936395759717,221,566,0.43699064939521315
LK,0.6428571428571429,27,42,0.3801324503311258,287,755,0.568215077141782
LM,0.4,2,5,0.4036697247706422,88,218,0.40073529411764713
LP,0.5555555555555556,15,27,0.30612244897959184,165,539,0.4939516129032258
LR,0.5333333333333333,16,30,0.3827751196172249,240,627,0.49599525363393654
LS,0.5909090909090909,13,22,0.4289544235924933,320,746,0.5466433684685192
LT,0.5652173913043478,13,23,0.32987012987012987,254,770,0.5057088006466607
LV,0.4090909090909091,9,22,0.4472630173564753,335,749,0.41705076252049367
LW,0.42857142857142855,6,14,0.34210526315789475,78,228,0.41081081081081083
LY,0.4166666666666667,5,12,0.3610223642172524,113,313,0.4053879031213573
IA,0.3076923076923077,4,13,0.363265306122449,178,490,0.31648635556273214
IF,0.1111111111111111,1,9,0.4788135593220339,113,236,0.13614075569656764
IC,1.0,2,2,0.34108527131782945,44,129,0.7521865889212829
ID,0.5384615384615384,7,13,0.34402332361516036,118,343,0.49075114971895756
IN,0.6875,11,16,0.26256983240223464,94,358,0.5670266378689705
IE,0.36666666666666664,11,30,0.3309692671394799,140,423,0.3602369062826617
IQ,0.6,6,10,0.2898550724637681,80,276,0.5194479297365119
IG,0.7619047619047619,16,21,0.38146551724137934,177,464,0.6401379607674067
IH,0.5454545454545454,6,11,0.3509933774834437,53,151,0.49711934156378607
IL,0.5,11,22,0.42070116861435725,252,599,0.48093135287033323
II,0.5,12,24,0.31675392670157065,121,382,0.45803357314148685
IK,0.5238095238095238,11,21,0.3605150214592275,168,466,0.4842701936702881
IM,0.6666666666666666,2,3,0.37341772151898733,59,158,0.5814167433302666
IP,0.4666666666666667,14,30,0.3116883116883117,120,385,0.43310566492567293
IR,0.5384615384615384,14,26,0.36585365853658536,135,369,0.49568221070811747
IS,0.6666666666666666,10,15,0.3622881355932203,171,472,0.5786086423536622
IT,0.4583333333333333,11,24,0.32007952286282304,161,503,0.42869871770038354
IV,0.38461538461538464,10,26,0.4202020202020202,208,495,0.39158294438731117
IW,0.6666666666666666,4,6,0.45132743362831856,51,113,0.6018641810918776
IY,0.5,4,8,0.39520958083832336,66,167,0.47510668563300146
KA,0.5172413793103449,15,29,0.36007827788649704,184,511,0.47955704320080084
KF,0.375,3,8,0.3836734693877551,94,245,0.3766333589546503
KC,0.6666666666666666,6,9,0.31724137931034485,46,145,0.5675146771037181
KD,0.7272727272727273,16,22,0.3411214953271028,146,428,0.6095780665835856
KN,0.5263157894736842,10,19,0.32894736842105265,150,456,0.47904191616766467
KE,0.5405405405405406,20,37,0.3683360258481422,228,619,0.4976884422110554
KQ,0.5625,9,16,0.2282958199356913,71,311,0.48196297890658635
KG,0.5,19,38,0.3270042194092827,155,474,0.4601941747572816
KH,0.0,0,6,0.25,34,136,0
KL,0.53125,17,32,0.3633720930232558,250,688,0.4901106268856855
KI,0.5862068965517241,17,29,0.36054421768707484,159,441,0.5267706576728498
KK,0.4166666666666667,15,36,0.3463414634146341,213,615,0.4025132534851757
KM,0.4,2,5,0.2753623188405797,38,138,0.37653478854024564
KP,0.4444444444444444,12,27,0.2676056338028169,95,355,0.4083393242271746
KR,0.6956521739130435,16,23,0.35333333333333333,159,450,0.5939858928350452
KS,0.65625,21,32,0.331002331002331,142,429,0.5644560007518562
KT,0.55,11,20,0.2866666666666667,129,450,0.4860088365243005
KV,0.55,11,20,0.3228346456692913,164,508,0.4939013611454835
KW,0.4,2,5,0.28346456692913385,36,127,0.3779761904761906
KY,0.7142857142857143,10,14,0.30036630036630035,82,273,0.5918057663125948
MA,0.42857142857142855,3,7,0.46402877697841727,129,278,0.4363065655244572
MF,0.25,1,4,0.48,36,75,0.2824858757062147
MC,1.0,1,1,0.45,27,60,0.7843137254901961
MD,0.8,4,5,0.44029850746268656,59,134,0.6780518659076534
MN,0.0,0,1,0.40707964601769914,46,113,0
ME,0.0,0,6,0.39215686274509803,80,204,0
MQ,0.8,4,5,0.4523809523809524,38,84,0.6815415821501014
MG,0.2,1,5,0.41630901287553645,97,233,0.22425409047160733
MH,0.5,2,4,0.328125,21,64,0.46043165467625896
ML,0.5384615384615384,7,13,0.3772893772893773,103,273,0.4983050847457626
MI,0.0,0,4,0.34,51,150,0
MK,0.0,0,4,0.43915343915343913,83,189,0
MM,0.0,0,2,0.47191011235955055,42,89,0
MP,1.0,2,2,0.35714285714285715,45,126,0.7567567567567568
MR,0.7142857142857143,5,7,0.42771084337349397,71,166,0.624764772299586
MS,0.7,7,10,0.4127906976744186,71,172,0.6120996441281138
MT,0.4666666666666667,7,15,0.3333333333333333,61,183,0.43750000000000006
MV,0.5,3,6,0.4083769633507853,78,191,0.4780976220275344
MW,0.3333333333333333,2,6,0.19318181818181818,17,88,0.31150442477876106
MY,1.0,3,3,0.3763440860215054,35,93,0.7622950819672132
PA,0.4318181818181818,19,44,0.2898550724637681,180,621,0.40319852375826537
PF,0.45454545454545453,5,11,0.35751295336787564,69,193,0.43351302785265045
PC,0.2,1,5,0.21951219512195122,36,164,0.20197044334975373
PD,0.5769230769230769,15,26,0.2111111111111111,76,360,0.4877167630057803
PN,0.47619047619047616,10,21,0.2602739726027397,76,292,0.42979099205181037
PE,0.5666666666666667,17,30,0.26573426573426573,114,429,0.4925539459021375
PQ,0.6666666666666666,8,12,0.31986531986531985,95,297,0.5681492109038737
PG,0.6140350877192983,35,57,0.23273273273273273,155,666,0.5157136693989979
PH,0.2,1,5,0.27419354838709675,34,124,0.20770519262981577
PL,0.40625,13,32,0.35111876075731496,204,581,0.39535188044701514
PI,0.5882352941176471,10,17,0.2719298245614035,93,342,0.5079082200935621
PK,0.3684210526315789,7,19,0.2848101265822785,90,316,0.3536370903277377
PM,1.0,4,4,0.31896551724137934,37,116,0.7459807073954984
PP,0.6875,22,32,0.31153184165232356,181,581,0.5787114592294109
PR,0.4782608695652174,11,23,0.29523809523809524,93,315,0.43816388467374806
PS,0.5294117647058824,9,17,0.2545824847250509,125,491,0.4654518643353697
PT,0.59375,19,32,0.31601731601731603,146,462,0.5213517847597554
PV,0.42424242424242425,14,33,0.3105590062111801,150,483,0.40142475512021375
PW,0.6,3,5,0.3333333333333333,41,123,0.5294117647058824
PY,0.4117647058823529,7,17,0.2623762376237624,53,202,0.38314591518764396
RA,0.65,26,40,0.3248638838475499,179,551,0.5591070522577373
RF,0.6666666666666666,8,12,0.4266666666666667,96,225,0.5952380952380953
RC,1.0,4,4,0.25874125874125875,37,143,0.7295918367346939
RD,0.631578947368421,12,19,0.3816155988857939,137,359,0.5614126539388805
RN,0.5789473684210527,11,19,0.3275862068965517,95,290,0.5143087464731962
RE,0.6578947368421053,25,38,0.31313131313131315,124,396,0.561160866114953
RQ,0.5789473684210527,11,19,0.3941368078175896,121,307,0.5299748901443817
RG,0.75,27,36,0.33271028037383177,178,535,0.6205296733036922
RH,0.6666666666666666,6,9,0.3525641025641026,55,156,0.5761772853185596
RL,0.6,12,20,0.3562610229276896,202,567,0.5348215689357019
RI,0.23529411764705882,4,17,0.407514450867052,141,346,0.25746442191424057
RK,0.59375,19,32,0.39325842696629215,140,356,0.5396521461624382
RM,0.75,3,4,0.34265734265734266,49,143,0.6230936819172113
RP,0.6470588235294118,11,17,0.42779291553133514,157,367,0.5831287014300159
RR,0.5555555555555556,20,36,0.3355855855855856,149,444,0.5005072708826512
RS,0.6875,11,16,0.33253588516746413,139,418,0.5838730158730159
RT,0.6190476190476191,13,21,0.28225806451612906,105,372,0.5298274445357436
RV,0.42857142857142855,9,21,0.3677685950413223,178,484,0.4159266685763391
RW,0.5,2,4,0.31932773109243695,38,119,0.4585741811175337
RY,0.6666666666666666,6,9,0.4,82,205,0.5882352941176471
SA,0.5862068965517241,17,29,0.3002832861189802,212,706,0.5128840647835563
SF,0.7,7,10,0.449685534591195,143,318,0.6221352711011738
SC,0.5555555555555556,5,9,0.2,30,150,0.4716981132075472
SD,0.4666666666666667,14,30,0.3709677419354839,138,372,0.44535659312467935
SN,0.6521739130434783,15,23,0.3191489361702128,120,376,0.5590800951625695
SE,0.7142857142857143,15,21,0.31786542923433875,137,431,0.5961272475795297
SQ,0.5,10,20,0.3241758241758242,118,364,0.4595959595959596
SG,0.47368421052631576,18,38,0.2955145118733509,224,758,0.43493783869939434
SH,0.3333333333333333,2,6,0.34911242603550297,59,169,0.3359840954274354
SL,0.65625,21,32,0.3692115143929912,295,799,0.5738862761864044
SI,0.45,9,20,0.3112745098039216,127,408,0.42081136832454735
SK,0.5789473684210527,11,19,0.32494279176201374,142,437,0.5137055837563451
SM,0.42857142857142855,3,7,0.38823529411764707,66,170,0.42009884678747944
SP,0.7272727272727273,16,22,0.27070707070707073,134,495,0.5921052631578947
SR,0.7222222222222222,13,18,0.3858093126385809,174,451,0.6182316655243316
SS,0.6363636363636364,21,33,0.3303225806451613,256,775,0.5519100666361462
ST,0.5,18,36,0.28609625668449196,214,748,0.4516908212560387
SV,0.5555555555555556,10,18,0.34563106796116505,178,515,0.5027823879722737
SW,0.7272727272727273,8,11,0.31952662721893493,54,169,0.6041108132260947
SY,0.6666666666666666,6,9,0.38943894389438943,118,303,0.5855072463768116
TA,0.52,13,25,0.27844311377245506,186,668,0.46396324197253835
TF,0.5333333333333333,8,15,0.302158273381295,84,278,0.4780739466895959
TC,0.6666666666666666,6,9,0.2777777777777778,40,144,0.5581395348837209
TD,0.5652173913043478,13,23,0.31797235023041476,138,434,0.5030313837375179
TN,0.6111111111111112,11,18,0.32066508313539194,135,421,0.5336175606383592
TE,0.5833333333333334,14,24,0.27647058823529413,141,510,0.505737356566086
TQ,0.5833333333333334,7,12,0.29914529914529914,105,351,0.5107577174929842
TG,0.46153846153846156,18,39,0.3116883116883117,192,616,0.42936802973977695
TH,0.3076923076923077,4,13,0.32571428571428573,57,175,0.3104901308494123
TL,0.5151515151515151,17,33,0.35789473684210527,272,760,0.47759869880230665
TI,0.5909090909090909,13,22,0.27828054298642535,123,442,0.5110281038776235
TK,0.5833333333333334,14,24,0.30900243309002434,127,411,0.5129713827226532
TM,0.5714285714285714,4,7,0.25728155339805825,53,206,0.4938567575666766
TP,0.5185185185185185,14,27,0.21525423728813559,127,590,0.4502466544929274
TR,0.47368421052631576,9,19,0.4520547945205479,198,438,0.4686162624821683
TS,0.6296296296296297,17,27,0.2434017595307918,166,682,0.5277196176604461
TT,0.4722222222222222,17,36,0.24074074074074073,169,702,0.42323651452282157
TV,0.65,13,20,0.2791411042944785,182,652,0.548324492172338
TW,0.0,0,5,0.2818181818181818,62,220,0
TY,0.7142857142857143,5,7,0.3754646840148699,101,269,0.6108083560399638
VA,0.5,11,22,0.3465045592705167,228,658,0.4643613267466478
VF,0.5714285714285714,4,7,0.4234527687296417,130,307,0.5320623916811091
VC,0.6666666666666666,6,9,0.2949640287769784,41,139,0.5621840242669363
VD,0.72,18,25,0.30869565217391304,142,460,0.5971871619184997
VN,0.7692307692307693,10,13,0.3834808259587021,130,339,0.6448544797412973
VE,0.5,13,26,0.3677536231884058,203,552,0.4689889549702634
VQ,0.7142857142857143,15,21,0.317351598173516,139,438,0.5959994557082595
VG,0.6052631578947368,23,38,0.3516666666666667,211,600,0.5371530886302597
VH,0.42857142857142855,6,14,0.3652694610778443,61,167,0.4154228855721393
VL,0.5769230769230769,15,26,0.44415243101182655,338,761,0.5410080807602076
VI,0.5263157894736842,10,19,0.3246753246753247,150,462,0.4781123874573114
VK,0.42857142857142855,9,21,0.33263598326359833,159,478,0.4089547982318551
VM,0.6666666666666666,2,3,0.4166666666666667,55,132,0.5925925925925926
VP,0.7333333333333333,22,30,0.27941176470588236,133,476,0.597682780663204
VR,0.5,8,16,0.3501199040767386,146,417,0.46514221974344677
VS,0.7272727272727273,16,22,0.34915254237288135,206,590,0.6116366463651679
VT,0.4482758620689655,13,29,0.24865591397849462,185,744,0.40759392317579385
VV,0.5555555555555556,20,36,0.3347826086956522,231,690,0.5003262997607136
VW,0.5,3,6,0.3532934131736527,59,167,0.46582984658298465
VY,0.23809523809523808,5,21,0.3817427385892116,92,241,0.2565194252261841
WA,0.5,4,8,0.3881578947368421,59,152,0.4735202492211838
WF,0.3333333333333333,2,6,0.3669724770642202,40,109,0.3390357698289269
WC,0.5,1,2,0.3673469387755102,18,49,0.4688995215311005
WD,0.75,6,8,0.18705035971223022,26,139,0.5852631578947369
WN,0.3333333333333333,2,6,0.34615384615384615,63,182,0.3354838709677419
WE,0.75,3,4,0.2709677419354839,42,155,0.605074821080026
WQ,0.6,3,5,0.42727272727272725,47,110,0.5523012552301254
WG,0.5,6,12,0.33980582524271846,70,206,0.46292134831460674
WH,0.0,0,1,0.3333333333333333,23,69,0
WL,0.6666666666666666,4,6,0.3854166666666667,74,192,0.5844748858447487
WI,0.5,1,2,0.25471698113207547,27,106,0.4453781512605042
WK,0.2857142857142857,4,14,0.29375,47,160,0.28686687584043025
WM,0.6,3,5,0.35294117647058826,30,85,0.5340314136125655
WP,0.8888888888888888,8,9,0.3382352941176471,23,68,0.6969891095451632
WR,0.46153846153846156,6,13,0.2777777777777778,30,108,0.4227005870841487
WS,0.5,3,6,0.3248407643312102,51,157,0.45973645680819913
WT,0,0,0,0.28846153846153844,45,156,0
WV,0.5714285714285714,4,7,0.24817518248175183,34,137,0.4919210053859964
WW,0.0,0,2,0.22448979591836735,11,49,0
WY,0.0,0,3,0.4470588235294118,38,85,0
YA,0.4,6,15,0.3821428571428571,107,280,0.3964601769911505
YF,0.2857142857142857,2,7,0.35251798561151076,49,139,0.29558745348219034
YC,0.5714285714285714,4,7,0.27049180327868855,33,122,0.49669211195928753
YD,0.5,8,16,0.41379310344827586,84,203,0.4793388429752066
YN,0.6666666666666666,6,9,0.35071090047393366,74,211,0.5757162346521145
YE,0.5,4,8,0.33678756476683935,65,193,0.4622754491017964
YQ,0.4166666666666667,5,12,0.37185929648241206,74,199,0.40753635060413684
YG,0.47058823529411764,8,17,0.41,123,300,0.45675135598058814
YH,0.8,4,5,0.43103448275862066,50,116,0.6754002911208151
YL,0.6363636363636364,7,11,0.41033434650455924,135,329,0.5717477656405164
YI,0.4666666666666667,7,15,0.3684210526315789,77,209,0.4448160535117057
YK,0.5263157894736842,10,19,0.36101083032490977,100,277,0.4861354861354862
YM,0.25,1,4,0.39325842696629215,35,89,0.2692889561270802
YP,0.46153846153846156,6,13,0.27586206896551724,48,174,0.4223300970873787
YR,0.6428571428571429,9,14,0.3486238532110092,76,218,0.5604113110539847
YS,0.8333333333333334,10,12,0.4317343173431734,117,271,0.6939820742637645
YT,0.5333333333333333,8,15,0.35036496350364965,96,274,0.4886312973695943
YV,0.6,3,5,0.3048780487804878,75,246,0.5228480340063761
YW,0.6666666666666666,2,3,0.23404255319148937,22,94,0.5481049562682216
YY,0.5714285714285714,8,14,0.37305699481865284,72,193,0.5198653198653198
